Session,Session Name,Date,Timestamp,Congestion Index,Level,Light Phase,Total Vehicles,Cars,Motorcycles,Buses,Trucks,Avg Speed (km/h),Max Speed (km/h),Moving,Stopped,Weighted Density (PCE),Servo Angle (deg),Emergency,Emergency Type,Emergency Vehicles,Siren Colour,Marked No Siren,Unique Vehicles,FPS,Speed Source
20260818_220532,auto,2026-08-18,22:05:33,0.0,FREE,RED,0,0,0,0,0,0.0,0.0,0,0,0.0,10,no,none,0,none,0,0,0.0,homography
20260818_220532,auto,2026-08-18,22:05:41,0.0,FREE,YELLOW,0,0,0,0,0,0.0,0.0,0,0,0.0,45,no,none,0,none,0,0,0.1,homography
20260818_220532,auto,2026-08-18,22:05:42,0.0,FREE,YELLOW,0,0,0,0,0,0.0,0.0,0,0,0.0,45,no,none,0,none,0,0,3.3,homography
20260818_220532,auto,2026-08-18,22:05:43,0.0,FREE,YELLOW,0,0,0,0,0,0.0,0.0,0,0,0.0,45,no,none,0,none,0,0,30.0,homography
20260818_220532,auto,2026-08-18,22:05:44,0.0,FREE,YELLOW,0,0,0,0,0,0.0,0.0,0,0,0.0,45,no,none,0,none,0,0,30.5,homography
20260818_220532,auto,2026-08-18,22:05:45,0.0,FREE,YELLOW,0,0,0,0,0,0.0,0.0,0,0,0.0,45,no,none,0,none,0,0,30.3,homography
20260818_220532,auto,2026-08-18,22:05:46,0.0,FREE,GREEN,0,0,0,0,0,0.0,0.0,0,0,0.0,90,no,none,0,none,0,0,30.4,homography
20260818_220532,auto,2026-08-18,22:05:47,0.0,FREE,GREEN,0,0,0,0,0,0.0,0.0,0,0,0.0,90,no,none,0,none,0,0,30.2,homography
20260818_220532,auto,2026-08-18,22:05:48,0.0,FREE,GREEN,0,0,0,0,0,0.0,0.0,0,0,0.0,90,no,none,0,none,0,0,30.1,homography
20260818_220532,auto,2026-08-18,22:05:49,0.0,FREE,GREEN,0,0,0,0,0,0.0,0.0,0,0,0.0,90,no,none,0,none,0,0,30.3,homography
20260818_220532,auto,2026-08-18,22:05:50,0.0,FREE,GREEN,0,0,0,0,0,0.0,0.0,0,0,0.0,90,no,none,0,none,0,0,30.4,homography
20260818_220532,auto,2026-08-18,22:05:51,0.0,FREE,GREEN,0,0,0,0,0,0.0,0.0,0,0,0.0,90,no,none,0,none,0,0,30.3,homography
20260818_220532,auto,2026-08-18,22:05:52,0.0,FREE,GREEN,0,0,0,0,0,0.0,0.0,0,0,0.0,90,no,none,0,none,0,0,30.3,homography
20260818_220532,auto,2026-08-18,22:05:53,0.0,FREE,GREEN,0,0,0,0,0,0.0,0.0,0,0,0.0,90,no,none,0,none,0,0,30.3,homography
20260818_220532,auto,2026-08-18,22:05:54,0.0,FREE,GREEN,0,0,0,0,0,0.0,0.0,0,0,0.0,90,no,none,0,none,0,0,30.3,homography
20260818_220532,auto,2026-08-18,22:05:55,0.0,FREE,GREEN,0,0,0,0,0,0.0,0.0,0,0,0.0,90,no,none,0,none,0,0,30.3,homography
20260818_220532,auto,2026-08-18,22:05:56,0.0,FREE,GREEN,0,0,0,0,0,0.0,0.0,0,0,0.0,90,no,none,0,none,0,0,30.2,homography
20260818_220532,auto,2026-08-18,22:05:57,0.0,FREE,GREEN,0,0,0,0,0,0.0,0.0,0,0,0.0,90,no,none,0,none,0,0,30.4,homography
20260818_220532,auto,2026-08-18,22:05:58,0.0,FREE,GREEN,0,0,0,0,0,0.0,0.0,0,0,0.0,90,no,none,0,none,0,0,30.4,homography
20260818_220532,auto,2026-08-18,22:05:59,0.0,FREE,GREEN,0,0,0,0,0,0.0,0.0,0,0,0.0,90,no,none,0,none,0,0,30.4,homography
20260818_220532,auto,2026-08-18,22:06:00,0.0,FREE,GREEN,0,0,0,0,0,0.0,0.0,0,0,0.0,90,no,none,0,none,0,0,30.4,homography
20260818_220532,auto,2026-08-18,22:06:01,0.0,FREE,GREEN,0,0,0,0,0,0.0,0.0,0,0,0.0,90,no,none,0,none,0,0,30.3,homography
20260818_220532,auto,2026-08-18,22:06:02,0.0,FREE,GREEN,0,0,0,0,0,0.0,0.0,0,0,0.0,90,no,none,0,none,0,0,30.4,homography
20260818_220532,auto,2026-08-18,22:06:03,0.0,FREE,GREEN,0,0,0,0,0,0.0,0.0,0,0,0.0,90,no,none,0,none,0,0,30.4,homography
20260818_220532,auto,2026-08-18,22:06:05,0.0,FREE,GREEN,0,0,0,0,0,0.0,0.0,0,0,0.0,90,no,none,0,none,0,0,30.2,homography
20260818_220532,auto,2026-08-18,22:06:06,0.0,FREE,GREEN,0,0,0,0,0,0.0,0.0,0,0,0.0,90,no,none,0,none,0,0,30.4,homography
20260818_220532,auto,2026-08-18,22:06:07,0.0,FREE,GREEN,0,0,0,0,0,0.0,0.0,0,0,0.0,90,no,none,0,none,0,0,30.4,homography
20260818_220532,auto,2026-08-18,22:06:08,0.0,FREE,GREEN,0,0,0,0,0,0.0,0.0,0,0,0.0,90,no,none,0,none,0,0,30.4,homography
20260818_220532,auto,2026-08-18,22:06:09,0.0,FREE,GREEN,0,0,0,0,0,0.0,0.0,0,0,0.0,90,no,none,0,none,0,0,30.0,homography
20260818_220532,auto,2026-08-18,22:06:10,0.0,FREE,GREEN,0,0,0,0,0,0.0,0.0,0,0,0.0,90,no,none,0,none,0,0,30.1,homography
20260818_220532,auto,2026-08-18,22:06:11,0.0,FREE,GREEN,0,0,0,0,0,0.0,0.0,0,0,0.0,90,no,none,0,none,0,0,30.2,homography
20260818_220532,auto,2026-08-18,22:06:12,0.0,FREE,GREEN,0,0,0,0,0,0.0,0.0,0,0,0.0,90,no,none,0,none,0,0,30.1,homography
20260818_220532,auto,2026-08-18,22:06:13,0.0,FREE,GREEN,0,0,0,0,0,0.0,0.0,0,0,0.0,90,no,none,0,none,0,0,30.3,homography
20260818_220532,auto,2026-08-18,22:06:14,0.0,FREE,GREEN,0,0,0,0,0,0.0,0.0,0,0,0.0,90,no,none,0,none,0,0,30.3,homography
20260818_220532,auto,2026-08-18,22:06:15,0.0,FREE,GREEN,0,0,0,0,0,0.0,0.0,0,0,0.0,90,no,none,0,none,0,0,30.5,homography
20260818_220532,auto,2026-08-18,22:06:16,0.0,FREE,GREEN,0,0,0,0,0,0.0,0.0,0,0,0.0,90,no,none,0,none,0,0,30.4,homography
20260818_220532,auto,2026-08-18,22:06:17,0.0,FREE,GREEN,0,0,0,0,0,0.0,0.0,0,0,0.0,90,no,none,0,none,0,0,30.4,homography
20260818_220532,auto,2026-08-18,22:06:18,0.0,FREE,GREEN,0,0,0,0,0,0.0,0.0,0,0,0.0,90,no,none,0,none,0,0,29.6,homography
20260818_220532,auto,2026-08-18,22:06:19,0.0,FREE,GREEN,0,0,0,0,0,0.0,0.0,0,0,0.0,90,no,none,0,none,0,0,29.8,homography
20260818_220532,auto,2026-08-18,22:06:20,0.0,FREE,GREEN,0,0,0,0,0,0.0,0.0,0,0,0.0,90,no,none,0,none,0,0,29.6,homography
20260818_220532,auto,2026-08-18,22:06:21,0.0,FREE,GREEN,0,0,0,0,0,0.0,0.0,0,0,0.0,90,no,none,0,none,0,0,29.2,homography
20260818_220532,auto,2026-08-18,22:06:22,0.0,FREE,GREEN,0,0,0,0,0,0.0,0.0,0,0,0.0,90,no,none,0,none,0,0,30.2,homography
20260818_220532,auto,2026-08-18,22:06:23,0.0,FREE,GREEN,0,0,0,0,0,0.0,0.0,0,0,0.0,90,no,none,0,none,0,0,30.3,homography
20260818_220532,auto,2026-08-18,22:06:24,0.0,FREE,GREEN,0,0,0,0,0,0.0,0.0,0,0,0.0,90,no,none,0,none,0,0,30.4,homography
20260818_220532,auto,2026-08-18,22:06:25,0.0,FREE,GREEN,0,0,0,0,0,0.0,0.0,0,0,0.0,90,no,none,0,none,0,0,30.3,homography
20260818_220532,auto,2026-08-18,22:06:26,0.0,FREE,GREEN,0,0,0,0,0,0.0,0.0,0,0,0.0,90,no,none,0,none,0,0,29.3,homography
20260818_220532,auto,2026-08-18,22:06:27,0.0,FREE,GREEN,0,0,0,0,0,0.0,0.0,0,0,0.0,90,no,none,0,none,0,0,29.6,homography
20260818_220532,auto,2026-08-18,22:06:28,0.0,FREE,GREEN,0,0,0,0,0,0.0,0.0,0,0,0.0,90,no,none,0,none,0,0,30.4,homography
20260818_220532,auto,2026-08-18,22:06:29,0.0,FREE,GREEN,0,0,0,0,0,0.0,0.0,0,0,0.0,90,no,none,0,none,0,0,30.3,homography
20260818_220532,auto,2026-08-18,22:06:30,0.0,FREE,GREEN,0,0,0,0,0,0.0,0.0,0,0,0.0,90,no,none,0,none,0,0,30.3,homography
20260818_220532,auto,2026-08-18,22:06:31,0.0,FREE,GREEN,0,0,0,0,0,0.0,0.0,0,0,0.0,90,no,none,0,none,0,0,29.7,homography
20260818_220532,auto,2026-08-18,22:06:32,0.0,FREE,GREEN,0,0,0,0,0,0.0,0.0,0,0,0.0,90,no,none,0,none,0,0,29.3,homography
20260818_220532,auto,2026-08-18,22:06:33,0.0,FREE,GREEN,0,0,0,0,0,0.0,0.0,0,0,0.0,90,no,none,0,none,0,0,28.7,homography
20260818_220532,auto,2026-08-18,22:06:34,0.0,FREE,GREEN,0,0,0,0,0,0.0,0.0,0,0,0.0,90,no,none,0,none,0,0,29.1,homography
20260818_220532,auto,2026-08-18,22:06:35,0.0,FREE,GREEN,0,0,0,0,0,0.0,0.0,0,0,0.0,90,no,none,0,none,0,0,30.0,homography
20260818_220532,auto,2026-08-18,22:06:36,0.0,FREE,GREEN,0,0,0,0,0,0.0,0.0,0,0,0.0,90,no,none,0,none,0,0,29.9,homography
20260818_220532,auto,2026-08-18,22:06:37,0.0,FREE,GREEN,0,0,0,0,0,0.0,0.0,0,0,0.0,90,no,none,0,none,0,0,29.9,homography
20260818_220532,auto,2026-08-18,22:06:38,0.0,FREE,GREEN,0,0,0,0,0,0.0,0.0,0,0,0.0,90,no,none,0,none,0,0,28.7,homography
20260818_220532,auto,2026-08-18,22:06:39,0.0,FREE,GREEN,0,0,0,0,0,0.0,0.0,0,0,0.0,90,no,none,0,none,0,0,29.4,homography
20260818_220532,auto,2026-08-18,22:06:40,0.0,FREE,GREEN,0,0,0,0,0,0.0,0.0,0,0,0.0,90,no,none,0,none,0,0,30.3,homography
20260818_220532,auto,2026-08-18,22:06:41,0.0,FREE,GREEN,0,0,0,0,0,0.0,0.0,0,0,0.0,90,no,none,0,none,0,0,30.3,homography
20260818_220532,auto,2026-08-18,22:06:42,0.0,FREE,GREEN,0,0,0,0,0,0.0,0.0,0,0,0.0,90,no,none,0,none,0,0,30.2,homography
20260818_220532,auto,2026-08-18,22:06:43,0.0,FREE,GREEN,0,0,0,0,0,0.0,0.0,0,0,0.0,90,no,none,0,none,0,0,30.1,homography
20260818_220532,auto,2026-08-18,22:06:44,0.0,FREE,GREEN,0,0,0,0,0,0.0,0.0,0,0,0.0,90,no,none,0,none,0,0,28.5,homography
20260818_220532,auto,2026-08-18,22:06:45,0.0,FREE,GREEN,0,0,0,0,0,0.0,0.0,0,0,0.0,90,no,none,0,none,0,0,25.9,homography
20260818_220532,auto,2026-08-18,22:06:46,0.0,FREE,GREEN,0,0,0,0,0,0.0,0.0,0,0,0.0,90,no,none,0,none,0,0,0.0,homography
20260818_220532,auto,2026-08-18,22:06:47,0.0,FREE,GREEN,0,0,0,0,0,0.0,0.0,0,0,0.0,90,no,none,0,none,0,0,27.1,homography
20260818_220532,auto,2026-08-18,22:06:48,0.0,FREE,GREEN,0,0,0,0,0,0.0,0.0,0,0,0.0,90,no,none,0,none,0,0,28.9,homography
20260818_220532,auto,2026-08-18,22:06:49,0.0,FREE,GREEN,0,0,0,0,0,0.0,0.0,0,0,0.0,90,no,none,0,none,0,0,30.5,homography
20260818_220532,auto,2026-08-18,22:06:50,0.0,FREE,GREEN,0,0,0,0,0,0.0,0.0,0,0,0.0,90,no,none,0,none,0,0,30.0,homography
20260818_220532,auto,2026-08-18,22:06:51,0.0,FREE,GREEN,0,0,0,0,0,0.0,0.0,0,0,0.0,90,no,none,0,none,0,0,30.0,homography
20260818_220532,auto,2026-08-18,22:06:52,0.0,FREE,GREEN,0,0,0,0,0,0.0,0.0,0,0,0.0,90,no,none,0,none,0,0,30.0,homography
20260818_220532,auto,2026-08-18,22:06:53,0.0,FREE,GREEN,0,0,0,0,0,0.0,0.0,0,0,0.0,90,no,none,0,none,0,0,30.0,homography
20260818_220532,auto,2026-08-18,22:06:54,0.0,FREE,GREEN,0,0,0,0,0,0.0,0.0,0,0,0.0,90,no,none,0,none,0,0,30.0,homography
20260818_220532,auto,2026-08-18,22:06:55,0.0,FREE,GREEN,0,0,0,0,0,0.0,0.0,0,0,0.0,90,no,none,0,none,0,0,30.1,homography
20260818_220532,auto,2026-08-18,22:06:56,0.0,FREE,GREEN,0,0,0,0,0,0.0,0.0,0,0,0.0,90,no,none,0,none,0,0,30.0,homography
20260818_220532,auto,2026-08-18,22:06:57,0.0,FREE,GREEN,0,0,0,0,0,0.0,0.0,0,0,0.0,90,no,none,0,none,0,0,30.0,homography
20260818_220532,auto,2026-08-18,22:06:58,0.0,FREE,GREEN,0,0,0,0,0,0.0,0.0,0,0,0.0,90,no,none,0,none,0,0,30.0,homography
20260818_220532,auto,2026-08-18,22:06:59,0.0,FREE,GREEN,0,0,0,0,0,0.0,0.0,0,0,0.0,90,no,none,0,none,0,0,30.0,homography
20260818_220532,auto,2026-08-18,22:07:00,0.0,FREE,GREEN,0,0,0,0,0,0.0,0.0,0,0,0.0,90,no,none,0,none,0,0,24.1,homography
20260818_220532,auto,2026-08-18,22:07:01,0.548,HEAVY,YELLOW,16,15,1,0,0,30.1,45.0,12,2,15.5,45,no,none,0,none,0,2,23.4,homography
20260818_220532,auto,2026-08-18,22:07:02,0.614,MODERATE,YELLOW,18,15,2,1,0,30.5,41.8,14,3,19.0,45,no,none,0,none,0,5,23.4,homography
20260818_220532,auto,2026-08-18,22:07:03,0.657,MODERATE,YELLOW,19,16,2,1,0,28.6,44.0,13,3,20.0,45,no,none,0,none,0,7,26.0,homography
20260818_220532,auto,2026-08-18,22:07:04,0.633,HEAVY,YELLOW,21,18,2,1,0,30.6,50.7,17,4,22.0,45,no,none,0,none,0,8,24.7,homography
20260818_220532,auto,2026-08-18,22:07:05,0.586,HEAVY,RED,17,14,2,1,0,31.1,49.7,14,3,18.0,10,no,none,0,none,0,8,22.4,homography
20260818_220532,auto,2026-08-18,22:07:06,0.613,MODERATE,RED,17,14,2,1,0,29.0,48.9,13,3,18.0,10,no,none,0,none,0,11,21.8,homography
20260818_220532,auto,2026-08-18,22:07:07,0.72,MODERATE,RED,19,16,2,1,0,23.3,45.5,12,5,20.0,10,no,none,0,none,0,13,22.8,homography
20260818_220532,auto,2026-08-18,22:07:08,0.657,HEAVY,RED,18,16,1,1,0,27.7,47.2,14,4,19.5,10,no,none,0,none,0,15,24.5,homography
20260818_220532,auto,2026-08-18,22:07:09,0.686,HEAVY,RED,20,17,2,1,0,26.2,52.0,13,5,21.0,10,no,none,0,none,0,15,24.1,homography
20260818_220532,auto,2026-08-18,22:07:10,0.673,HEAVY,RED,21,18,2,1,0,27.2,49.3,17,3,22.0,10,no,none,0,none,0,16,24.4,homography
20260818_220532,auto,2026-08-18,22:07:11,0.612,HEAVY,RED,19,17,2,0,0,29.0,52.4,16,3,18.0,10,no,none,0,none,0,17,24.4,homography
20260818_220532,auto,2026-08-18,22:07:12,0.699,HEAVY,RED,21,17,3,1,0,25.1,43.2,16,5,21.5,10,no,none,0,none,0,20,24.6,homography
20260818_220532,auto,2026-08-18,22:07:13,0.703,HEAVY,RED,21,19,2,0,0,24.7,44.3,16,5,20.0,10,no,none,0,none,0,22,24.6,homography
20260818_220532,auto,2026-08-18,22:07:14,0.653,HEAVY,RED,19,16,3,0,0,24.7,48.1,14,5,17.5,10,no,none,0,none,0,23,24.9,homography
20260818_220532,auto,2026-08-18,22:07:15,0.669,HEAVY,RED,20,17,3,0,0,25.1,44.0,15,5,18.5,10,no,none,0,none,0,26,25.1,homography
20260818_220532,auto,2026-08-18,22:07:16,0.661,HEAVY,RED,20,17,3,0,0,25.8,47.3,15,5,18.5,10,no,none,0,none,0,27,25.5,homography
20260818_220532,auto,2026-08-18,22:07:17,0.68,HEAVY,RED,21,18,3,0,0,25.8,53.1,16,5,19.5,10,no,none,0,none,0,28,25.4,homography
20260818_220532,auto,2026-08-18,22:07:18,0.661,HEAVY,RED,18,15,2,0,1,26.6,44.1,14,4,19.0,10,no,none,0,none,0,29,24.5,homography
20260818_220532,auto,2026-08-18,22:07:19,0.697,HEAVY,RED,22,18,3,0,1,25.2,45.0,17,5,22.5,10,no,none,0,none,0,31,24.2,homography
20260818_220532,auto,2026-08-18,22:07:20,0.709,HEAVY,RED,22,20,2,0,0,24.3,41.6,17,5,21.0,10,no,none,0,none,0,32,24.9,homography
20260818_220532,auto,2026-08-18,22:07:21,0.625,HEAVY,RED,19,18,1,0,0,28.8,44.2,16,3,18.5,10,no,none,0,none,0,33,25.5,homography
20260818_220532,auto,2026-08-18,22:07:22,0.681,HEAVY,RED,21,19,2,0,0,26.6,45.0,17,4,20.0,10,no,none,0,none,0,34,24.9,homography
20260818_220532,auto,2026-08-18,22:07:23,0.654,HEAVY,RED,21,20,1,0,0,28.9,50.4,18,3,20.5,10,no,none,0,none,0,38,23.9,homography
20260818_220532,auto,2026-08-18,22:07:24,0.677,HEAVY,RED,21,20,1,0,0,26.9,49.5,17,3,20.5,10,no,none,0,none,0,40,23.6,homography
20260818_220532,auto,2026-08-18,22:07:25,0.72,HEAVY,RED,23,20,2,0,1,23.3,44.4,18,5,24.0,10,no,none,0,none,0,44,23.3,homography
20260818_220532,auto,2026-08-18,22:07:26,0.701,HEAVY,RED,25,23,1,0,1,25.0,45.1,20,4,26.5,10,no,none,0,none,0,44,22.5,homography
20260818_220532,auto,2026-08-18,22:07:27,0.641,HEAVY,RED,23,22,0,0,1,29.9,50.4,21,2,25.0,10,no,none,0,none,0,45,21.6,homography
20260818_220532,auto,2026-08-18,22:07:28,0.665,HEAVY,RED,25,22,2,0,1,27.9,52.8,21,4,26.0,10,no,none,0,none,0,46,20.8,homography
20260818_220532,auto,2026-08-18,22:07:29,0.683,HEAVY,RED,22,20,2,0,0,26.4,53.0,17,5,21.0,10,no,none,0,none,0,49,20.8,homography
20260818_220532,auto,2026-08-18,22:07:30,0.707,HEAVY,RED,23,21,2,0,0,24.4,43.8,18,5,22.0,10,no,none,0,none,0,50,21.5,homography
20260818_220532,auto,2026-08-18,22:07:31,0.702,HEAVY,RED,24,21,2,0,1,24.8,46.3,18,5,25.0,10,no,none,0,none,0,53,22.1,homography
20260818_220532,auto,2026-08-18,22:07:32,0.673,HEAVY,RED,27,24,2,0,1,27.3,53.2,22,3,28.0,10,no,none,0,none,0,55,23.3,homography
20260818_220532,auto,2026-08-18,22:07:33,0.668,HEAVY,RED,27,24,3,0,0,27.6,51.9,23,4,25.5,10,no,none,0,none,0,57,22.1,homography
20260818_220532,auto,2026-08-18,22:07:34,0.653,HEAVY,RED,23,19,4,0,0,28.9,59.4,19,4,21.0,10,no,none,0,none,0,59,21.4,homography
20260818_220532,auto,2026-08-18,22:07:35,0.67,HEAVY,RED,24,19,5,0,0,27.5,59.2,19,5,21.5,10,no,none,0,none,0,60,20.3,homography
20260818_220532,auto,2026-08-18,22:07:36,0.65,HEAVY,RED,20,17,3,0,0,26.6,56.4,16,4,18.5,10,no,none,0,none,0,65,20.5,homography
20260818_220532,auto,2026-08-18,22:07:37,0.675,HEAVY,RED,23,17,5,1,0,27.1,51.3,17,4,22.5,10,no,none,0,none,0,68,20.7,homography
20260818_220532,auto,2026-08-18,22:07:38,0.635,HEAVY,RED,26,17,8,1,0,30.4,56.3,21,4,24.0,10,no,none,0,none,0,70,21.0,homography
20260818_220532,auto,2026-08-18,22:07:39,0.572,HEAVY,RED,27,18,8,1,0,35.7,64.2,23,2,25.0,10,no,none,0,none,0,72,19.9,homography
20260818_220532,auto,2026-08-18,22:07:40,0.658,HEAVY,RED,25,17,7,1,0,28.5,67.2,18,6,23.5,10,no,none,0,none,0,76,20.0,homography
20260818_220532,auto,2026-08-18,22:07:41,0.685,HEAVY,RED,22,16,5,1,0,26.3,68.4,16,6,21.5,10,no,none,0,none,0,78,21.3,homography
20260818_220532,auto,2026-08-18,22:07:42,0.631,HEAVY,RED,26,17,8,1,0,30.7,81.5,21,5,24.0,10,no,none,0,none,0,80,23.8,homography
20260818_220532,auto,2026-08-18,22:07:43,0.629,HEAVY,RED,31,19,11,1,0,30.9,78.1,24,5,27.5,10,no,none,0,none,0,82,23.6,homography
20260818_220532,auto,2026-08-18,22:07:44,0.603,HEAVY,RED,32,19,12,1,0,33.1,76.7,27,5,28.0,10,no,none,0,none,0,86,23.0,homography
20260818_220532,auto,2026-08-18,22:07:45,0.655,HEAVY,RED,30,19,10,1,0,28.7,66.2,24,6,27.0,10,no,none,0,none,0,90,23.1,homography
20260818_220532,auto,2026-08-18,22:07:46,0.636,HEAVY,RED,25,17,7,1,0,30.3,59.1,21,4,23.5,10,no,none,0,none,0,93,23.3,homography
20260818_220532,auto,2026-08-18,22:07:47,0.653,HEAVY,RED,27,19,7,1,0,28.9,52.9,22,4,25.5,10,no,none,0,none,0,98,24.4,homography
20260818_220532,auto,2026-08-18,22:07:48,0.667,HEAVY,RED,23,15,7,1,0,27.7,50.9,18,5,21.5,10,no,none,0,none,0,100,24.5,homography
20260818_220532,auto,2026-08-18,22:07:49,0.666,HEAVY,RED,24,17,6,1,0,27.8,52.1,19,5,23.0,10,no,none,0,none,0,101,24.7,homography
20260818_220532,auto,2026-08-18,22:07:50,0.672,HEAVY,RED,23,16,6,1,0,27.4,53.9,17,4,22.0,10,no,none,0,none,0,102,23.1,homography
20260818_220532,auto,2026-08-18,22:07:51,0.627,HEAVY,RED,21,15,6,0,0,27.8,43.9,16,4,18.0,10,no,none,0,none,0,102,23.2,homography
20260818_220532,auto,2026-08-18,22:07:52,0.637,HEAVY,RED,16,15,0,0,1,26.9,42.6,14,2,18.0,10,no,none,0,none,0,104,24.0,homography
20260818_220532,auto,2026-08-18,22:07:53,0.606,HEAVY,RED,17,15,2,0,0,26.2,48.9,13,4,16.0,10,no,none,0,none,0,106,25.0,homography
20260818_220532,auto,2026-08-18,22:07:54,0.724,HEAVY,RED,17,13,2,0,2,23.0,43.9,13,4,20.0,10,no,none,0,none,0,108,25.6,homography
20260818_220532,auto,2026-08-18,22:07:55,0.661,HEAVY,RED,18,14,1,0,3,28.3,47.9,16,2,23.5,10,no,none,0,none,0,109,25.0,homography
20260818_220532,auto,2026-08-18,22:07:56,0.675,HEAVY,RED,23,18,3,0,2,27.1,75.6,17,5,25.5,10,no,none,0,none,0,110,23.5,homography
20260818_220532,auto,2026-08-18,22:07:58,0.672,HEAVY,RED,22,16,3,0,3,27.4,84.5,17,5,26.5,10,no,none,0,none,0,112,22.5,homography
20260818_220532,auto,2026-08-18,22:07:59,0.744,HEAVY,RED,19,14,2,0,3,21.3,39.6,14,5,24.0,10,no,none,0,none,0,113,22.6,homography
20260818_220532,auto,2026-08-18,22:08:00,0.752,HEAVY,RED,20,16,2,0,2,20.6,41.6,15,5,23.0,10,no,none,0,none,0,114,25.0,homography
20260818_220532,auto,2026-08-18,22:08:01,0.739,HEAVY,RED,20,16,2,0,2,21.8,46.4,14,5,23.0,10,no,none,0,none,0,117,25.1,homography
20260818_220532,auto,2026-08-18,22:08:02,0.716,HEAVY,RED,21,17,2,0,2,23.7,48.9,16,4,24.0,10,no,none,0,none,0,119,24.5,homography
20260818_220532,auto,2026-08-18,22:08:03,0.735,HEAVY,RED,22,19,1,0,2,22.0,41.8,17,4,25.5,10,no,none,0,none,0,120,24.6,homography
20260818_220532,auto,2026-08-18,22:08:04,0.719,HEAVY,RED,22,18,2,0,2,23.4,39.2,18,4,25.0,10,no,none,0,none,0,120,25.6,homography
20260818_220532,auto,2026-08-18,22:08:05,0.704,HEAVY,RED,21,19,1,0,1,24.7,43.0,17,4,22.5,10,no,none,0,none,0,121,25.1,homography
20260818_220532,auto,2026-08-18,22:08:06,0.699,HEAVY,RED,21,19,1,0,1,25.1,40.4,17,3,22.5,10,no,none,0,none,0,124,23.7,homography
20260818_220532,auto,2026-08-18,22:08:07,0.708,HEAVY,RED,21,19,1,0,1,24.3,43.1,17,4,22.5,10,no,none,0,none,0,126,23.8,homography
20260818_220532,auto,2026-08-18,22:08:08,0.685,HEAVY,RED,18,17,0,0,1,26.3,40.5,16,2,20.0,10,no,none,0,none,0,130,26.1,homography
20260818_220532,auto,2026-08-18,22:08:09,0.716,HEAVY,RED,23,19,3,0,1,23.6,45.1,17,5,23.5,10,no,none,0,none,0,132,25.9,homography
20260818_220532,auto,2026-08-18,22:08:10,0.716,HEAVY,RED,19,15,3,0,1,22.8,46.1,14,5,19.5,10,no,none,0,none,0,134,24.8,homography
20260818_220532,auto,2026-08-18,22:08:11,0.711,HEAVY,RED,22,18,3,0,1,24.1,53.6,17,5,22.5,10,no,none,0,none,0,137,22.1,homography
20260818_220532,auto,2026-08-18,22:08:12,0.713,HEAVY,RED,22,16,4,1,1,23.9,55.6,17,5,24.0,10,no,none,0,none,0,137,19.9,homography
20260818_220532,auto,2026-08-18,22:08:13,0.718,HEAVY,RED,18,14,3,0,1,21.0,52.3,13,5,18.5,10,no,none,0,none,0,138,18.6,homography
20260818_220532,auto,2026-08-18,22:08:14,0.712,HEAVY,RED,20,17,3,0,0,21.5,51.4,13,5,18.5,10,no,none,0,none,0,141,18.5,homography
20260818_220532,auto,2026-08-18,22:08:15,0.701,HEAVY,RED,21,18,3,0,0,24.1,49.7,16,4,19.5,10,no,none,0,none,0,141,18.8,homography
