Session,Session Name,Date,Time,Track ID,Class,Emergency,Evidence,Frames Tracked,Duration (s),Distance (m),Avg Speed (km/h),Top Speed (km/h)
20260818_220532,auto,2026-08-18,22:07:04,25,Car,no,none,5,0.1,1.4,0.0,0.0
20260818_220532,auto,2026-08-18,22:07:04,31,Car,no,none,6,0.2,1.7,0.0,0.0
20260818_220532,auto,2026-08-18,22:07:04,22,Car,no,none,26,0.9,9.7,39.0,39.2
20260818_220532,auto,2026-08-18,22:07:05,24,Car,no,none,32,1.1,11.1,34.7,35.5
20260818_220532,auto,2026-08-18,22:07:05,34,Car,no,none,21,0.8,5.8,21.6,24.5
20260818_220532,auto,2026-08-18,22:07:05,18,Car,no,none,45,1.6,20.0,45.2,48.3
20260818_220532,auto,2026-08-18,22:07:05,9,Car,no,none,7,2.2,1.7,0.0,0.0
20260818_220532,auto,2026-08-18,22:07:06,19,Car,no,none,60,2.2,25.0,41.8,45.6
20260818_220532,auto,2026-08-18,22:07:06,12,Car,no,none,26,2.7,10.2,35.3,36.2
20260818_220532,auto,2026-08-18,22:07:06,35,Motorcycle,no,none,36,1.5,15.7,36.3,37.4
20260818_220532,auto,2026-08-18,22:07:06,41,Motorcycle,no,none,3,0.1,0.7,0.0,0.0
20260818_220532,auto,2026-08-18,22:07:06,20,Car,no,none,75,2.8,32.6,41.6,43.0
20260818_220532,auto,2026-08-18,22:07:08,23,Car,no,none,108,4.2,47.3,39.8,47.4
20260818_220532,auto,2026-08-18,22:07:08,43,Motorcycle,no,none,35,1.4,17.4,43.7,45.3
20260818_220532,auto,2026-08-18,22:07:08,3,Car,no,none,44,1.9,26.0,49.0,54.3
20260818_220532,auto,2026-08-18,22:07:09,64,Motorcycle,no,none,3,0.1,1.0,0.0,0.0
20260818_220532,auto,2026-08-18,22:07:09,7,Car,no,none,111,6.0,56.0,41.8,53.8
20260818_220532,auto,2026-08-18,22:07:09,6,Car,no,none,139,6.0,68.2,38.9,52.0
20260818_220532,auto,2026-08-18,22:07:09,67,Motorcycle,no,none,3,0.1,1.0,0.0,0.0
20260818_220532,auto,2026-08-18,22:07:09,69,Motorcycle,no,none,3,0.1,1.1,0.0,0.0
20260818_220532,auto,2026-08-18,22:07:10,73,Motorcycle,no,none,3,0.1,0.9,0.0,0.0
20260818_220532,auto,2026-08-18,22:07:10,10,Car,no,none,152,6.8,73.0,39.9,50.9
20260818_220532,auto,2026-08-18,22:07:10,21,Car,no,none,161,6.6,68.0,37.0,46.8
20260818_220532,auto,2026-08-18,22:07:11,75,Car,no,none,18,0.7,1.7,8.8,8.9
20260818_220532,auto,2026-08-18,22:07:11,26,Car,no,none,188,7.7,91.3,42.4,49.7
20260818_220532,auto,2026-08-18,22:07:12,5,Car,no,none,174,8.8,74.9,36.7,45.3
20260818_220532,auto,2026-08-18,22:07:13,27,Car,no,none,212,9.6,61.0,23.0,24.6
20260818_220532,auto,2026-08-18,22:07:13,29,Car,no,none,227,9.4,106.9,40.4,54.6
20260818_220532,auto,2026-08-18,22:07:14,86,Car,no,none,23,1.1,2.6,8.5,8.9
20260818_220532,auto,2026-08-18,22:07:14,8,Car,no,none,191,10.8,90.2,40.0,51.7
20260818_220532,auto,2026-08-18,22:07:15,40,Car,no,none,211,8.9,102.2,40.8,52.4
20260818_220532,auto,2026-08-18,22:07:15,92,Car,no,none,13,0.5,1.2,7.8,7.9
20260818_220532,auto,2026-08-18,22:07:16,37,Car,no,none,269,11.7,94.3,29.1,32.4
20260818_220532,auto,2026-08-18,22:07:16,89,Motorcycle,no,none,66,3.4,21.3,22.5,24.1
20260818_220532,auto,2026-08-18,22:07:17,42,Car,no,none,247,10.3,105.9,36.9,46.2
20260818_220532,auto,2026-08-18,22:07:17,94,Car,no,none,11,0.5,2.6,20.5,22.2
20260818_220532,auto,2026-08-18,22:07:18,39,Bus,no,none,251,12.5,90.3,26.5,31.7
20260818_220532,auto,2026-08-18,22:07:18,77,Car,no,none,200,8.1,102.4,45.5,54.2
20260818_220532,auto,2026-08-18,22:07:19,45,Car,no,none,272,11.8,93.8,28.9,33.0
20260818_220532,auto,2026-08-18,22:07:20,78,Car,no,none,206,9.1,95.1,38.1,45.2
20260818_220532,auto,2026-08-18,22:07:20,80,Car,no,none,227,9.3,94.2,36.7,44.9
20260818_220532,auto,2026-08-18,22:07:21,83,Car,no,none,211,8.4,102.9,43.7,53.1
20260818_220532,auto,2026-08-18,22:07:21,107,Car,no,none,18,0.7,1.7,9.0,14.3
20260818_220532,auto,2026-08-18,22:07:21,106,Car,no,none,33,1.4,3.0,7.6,7.8
20260818_220532,auto,2026-08-18,22:07:22,62,Car,no,none,259,13.7,77.1,21.4,25.2
20260818_220532,auto,2026-08-18,22:07:22,81,Car,no,none,227,10.6,93.1,32.1,37.4
20260818_220532,auto,2026-08-18,22:07:22,97,Motorcycle,no,none,134,5.5,49.6,32.0,38.1
20260818_220532,auto,2026-08-18,22:07:23,70,Car,no,none,336,13.6,107.1,28.1,40.0
20260818_220532,auto,2026-08-18,22:07:23,88,Truck,no,none,254,10.2,105.3,36.8,48.7
20260818_220532,auto,2026-08-18,22:07:23,114,Car,no,none,23,1.1,2.0,6.8,6.9
20260818_220532,auto,2026-08-18,22:07:23,79,Car,no,none,218,12.5,91.5,34.6,42.7
20260818_220532,auto,2026-08-18,22:07:24,90,Car,no,none,224,10.5,95.8,35.2,42.7
20260818_220532,auto,2026-08-18,22:07:25,126,Car,no,none,3,0.1,0.3,0.0,0.0
20260818_220532,auto,2026-08-18,22:07:26,93,Car,no,none,214,10.2,92.6,34.0,41.0
20260818_220532,auto,2026-08-18,22:07:26,84,Car,no,none,279,14.0,92.0,24.5,28.9
20260818_220532,auto,2026-08-18,22:07:26,125,Car,no,none,19,1.2,2.1,6.2,6.4
20260818_220532,auto,2026-08-18,22:07:27,99,Car,no,none,227,9.1,102.8,39.9,50.5
20260818_220532,auto,2026-08-18,22:07:27,95,Car,no,none,261,10.5,106.2,36.5,44.1
20260818_220532,auto,2026-08-18,22:07:27,101,Car,no,none,181,9.0,92.5,37.8,44.9
20260818_220532,auto,2026-08-18,22:07:27,152,Motorcycle,no,none,3,0.1,0.6,0.0,0.0
20260818_220532,auto,2026-08-18,22:07:28,102,Car,no,none,221,9.0,106.2,42.4,52.1
20260818_220532,auto,2026-08-18,22:07:29,159,Car,no,none,34,1.5,2.4,5.8,6.3
20260818_220532,auto,2026-08-18,22:07:29,109,Car,no,none,199,8.2,60.9,26.7,29.3
20260818_220532,auto,2026-08-18,22:07:30,115,Car,no,none,188,8.0,90.2,40.2,50.3
20260818_220532,auto,2026-08-18,22:07:31,190,Car,no,none,42,2.1,3.0,5.2,5.4
20260818_220532,auto,2026-08-18,22:07:31,105,Car,no,none,183,10.7,95.0,35.5,43.8
20260818_220532,auto,2026-08-18,22:07:31,120,Car,no,none,183,8.2,102.3,44.2,55.4
20260818_220532,auto,2026-08-18,22:07:32,108,Car,no,none,254,10.9,105.6,34.6,46.1
20260818_220532,auto,2026-08-18,22:07:32,186,Truck,no,none,72,3.7,21.3,19.4,22.6
20260818_220532,auto,2026-08-18,22:07:32,104,Car,no,none,249,12.3,90.0,26.8,29.3
20260818_220532,auto,2026-08-18,22:07:32,118,Car,no,none,215,9.4,106.5,40.2,56.0
20260818_220532,auto,2026-08-18,22:07:33,119,Car,no,none,231,10.1,104.5,36.9,48.1
20260818_220532,auto,2026-08-18,22:07:33,121,Car,no,none,215,9.5,107.4,39.9,54.0
20260818_220532,auto,2026-08-18,22:07:33,221,Motorcycle,no,none,3,1.2,0.4,0.0,0.0
20260818_220532,auto,2026-08-18,22:07:33,122,Car,no,none,198,8.9,64.7,26.3,30.6
20260818_220532,auto,2026-08-18,22:07:34,240,Car,no,none,8,0.3,1.5,18.5,19.0
20260818_220532,auto,2026-08-18,22:07:34,103,Car,no,none,296,14.8,93.9,23.5,27.8
20260818_220532,auto,2026-08-18,22:07:34,113,Car,no,none,286,12.5,94.5,27.1,36.4
20260818_220532,auto,2026-08-18,22:07:36,117,Car,no,none,281,13.6,93.8,25.9,31.3
20260818_220532,auto,2026-08-18,22:07:36,167,Car,no,none,192,8.7,105.3,43.2,56.4
20260818_220532,auto,2026-08-18,22:07:36,249,Truck,no,none,31,1.9,10.4,20.0,20.6
20260818_220532,auto,2026-08-18,22:07:37,255,Car,no,none,23,1.5,2.8,6.6,6.8
20260818_220532,auto,2026-08-18,22:07:37,187,Car,no,none,181,8.9,74.1,30.0,34.1
20260818_220532,auto,2026-08-18,22:07:37,132,Car,no,none,203,11.4,96.1,30.9,35.2
20260818_220532,auto,2026-08-18,22:07:37,193,Car,no,none,183,8.5,106.3,44.7,57.2
20260818_220532,auto,2026-08-18,22:07:38,141,Car,no,none,222,11.4,96.0,31.1,34.7
20260818_220532,auto,2026-08-18,22:07:38,196,Car,no,none,180,8.4,102.2,43.4,56.0
20260818_220532,auto,2026-08-18,22:07:39,131,Car,no,none,257,13.0,91.2,25.7,29.4
20260818_220532,auto,2026-08-18,22:07:39,257,Motorcycle,no,none,70,3.4,54.5,57.2,61.4
20260818_220532,auto,2026-08-18,22:07:39,195,Car,no,none,212,9.9,105.4,38.3,52.6
20260818_220532,auto,2026-08-18,22:07:40,277,Car,no,none,16,1.3,1.9,6.1,6.3
20260818_220532,auto,2026-08-18,22:07:40,201,Car,no,none,198,9.3,63.3,24.3,28.7
20260818_220532,auto,2026-08-18,22:07:41,231,Car,no,none,163,8.7,74.0,31.0,35.5
20260818_220532,auto,2026-08-18,22:07:41,213,Car,no,none,213,10.0,105.6,37.6,53.1
20260818_220532,auto,2026-08-18,22:07:42,194,Car,no,none,247,12.6,96.1,28.8,36.5
20260818_220532,auto,2026-08-18,22:07:42,192,Car,no,none,265,13.2,88.3,24.5,27.7
20260818_220532,auto,2026-08-18,22:07:42,230,Car,no,none,191,9.7,68.0,25.3,28.4
20260818_220532,auto,2026-08-18,22:07:42,246,Car,no,none,169,8.6,73.6,31.1,38.9
20260818_220532,auto,2026-08-18,22:07:42,250,Car,no,none,168,8.1,103.3,44.9,57.3
20260818_220532,auto,2026-08-18,22:07:42,372,Motorcycle,no,none,44,2.2,37.1,59.8,67.8
20260818_220532,auto,2026-08-18,22:07:43,254,Motorcycle,no,none,145,7.7,106.1,49.7,57.5
20260818_220532,auto,2026-08-18,22:07:43,394,Motorcycle,no,none,47,2.4,30.3,46.4,49.9
20260818_220532,auto,2026-08-18,22:07:44,198,Car,no,none,272,13.8,93.2,24.8,28.6
20260818_220532,auto,2026-08-18,22:07:44,435,Motorcycle,no,none,35,1.6,30.5,67.5,69.0
20260818_220532,auto,2026-08-18,22:07:44,340,Motorcycle,no,none,3,1.3,2.7,0.0,0.0
20260818_220532,auto,2026-08-18,22:07:44,375,Motorcycle,no,none,74,3.9,61.5,56.8,59.7
20260818_220532,auto,2026-08-18,22:07:44,258,Motorcycle,no,none,139,7.7,108.0,49.7,59.8
20260818_220532,auto,2026-08-18,22:07:44,349,Motorcycle,no,none,5,1.4,3.3,0.0,0.0
20260818_220532,auto,2026-08-18,22:07:45,460,Motorcycle,no,none,36,1.4,22.5,58.3,63.1
20260818_220532,auto,2026-08-18,22:07:45,475,Motorcycle,no,none,3,0.1,1.0,0.0,0.0
20260818_220532,auto,2026-08-18,22:07:45,247,Car,no,none,223,11.7,80.6,25.1,28.1
20260818_220532,auto,2026-08-18,22:07:45,256,Car,no,none,189,9.9,82.2,30.2,35.1
20260818_220532,auto,2026-08-18,22:07:46,487,Motorcycle,no,none,4,0.1,1.4,0.0,0.0
20260818_220532,auto,2026-08-18,22:07:46,454,Motorcycle,no,none,3,2.7,1.0,0.0,0.0
20260818_220532,auto,2026-08-18,22:07:46,260,Car,no,none,169,9.2,70.7,27.4,30.6
20260818_220532,auto,2026-08-18,22:07:46,474,Motorcycle,no,none,3,1.0,1.7,0.0,0.0
20260818_220532,auto,2026-08-18,22:07:46,468,Motorcycle,no,none,6,1.6,4.4,0.0,0.0
20260818_220532,auto,2026-08-18,22:07:46,264,Car,no,none,191,8.9,105.9,42.9,55.4
20260818_220532,auto,2026-08-18,22:07:46,469,Motorcycle,no,none,4,1.6,2.9,0.0,0.0
20260818_220532,auto,2026-08-18,22:07:46,251,Car,no,none,223,11.7,95.6,29.7,36.1
20260818_220532,auto,2026-08-18,22:07:47,341,Motorcycle,no,none,146,7.1,108.5,54.2,65.4
20260818_220532,auto,2026-08-18,22:07:48,476,Motorcycle,no,none,56,2.4,50.6,76.6,82.0
20260818_220532,auto,2026-08-18,22:07:48,477,Motorcycle,no,none,58,2.7,35.3,48.6,53.4
20260818_220532,auto,2026-08-18,22:07:48,426,Car,no,none,122,5.9,59.6,36.7,39.7
20260818_220532,auto,2026-08-18,22:07:48,463,Motorcycle,no,none,79,3.5,41.4,43.7,49.4
20260818_220532,auto,2026-08-18,22:07:48,423,Motorcycle,no,none,137,6.3,109.6,62.6,71.3
20260818_220532,auto,2026-08-18,22:07:49,449,Car,no,none,128,5.4,50.9,34.0,38.0
20260818_220532,auto,2026-08-18,22:07:49,253,Car,no,none,256,13.6,92.8,24.9,29.3
20260818_220532,auto,2026-08-18,22:07:49,462,Motorcycle,no,none,91,4.9,32.4,23.4,26.6
20260818_220532,auto,2026-08-18,22:07:49,315,Car,no,none,213,9.7,105.4,39.4,48.9
20260818_220532,auto,2026-08-18,22:07:49,505,Car,no,none,5,0.5,3.6,27.6,27.6
20260818_220532,auto,2026-08-18,22:07:49,409,Car,no,none,151,7.8,75.9,35.2,38.9
20260818_220532,auto,2026-08-18,22:07:49,507,Car,no,none,15,0.7,1.3,8.6,13.7
20260818_220532,auto,2026-08-18,22:07:50,447,Motorcycle,no,none,87,6.5,44.4,39.1,50.7
20260818_220532,auto,2026-08-18,22:07:50,438,Motorcycle,no,none,83,7.3,8.4,0.9,3.7
20260818_220532,auto,2026-08-18,22:07:50,263,Car,no,none,250,13.1,96.4,27.2,33.9
20260818_220532,auto,2026-08-18,22:07:51,411,Car,no,none,200,9.2,69.2,26.9,28.9
20260818_220532,auto,2026-08-18,22:07:51,424,Car,no,none,195,8.7,74.5,31.0,37.9
20260818_220532,auto,2026-08-18,22:07:51,500,Motorcycle,no,none,91,4.0,43.2,38.4,49.5
20260818_220532,auto,2026-08-18,22:07:51,504,Motorcycle,no,none,77,3.1,43.7,52.0,61.0
20260818_220532,auto,2026-08-18,22:07:52,509,Car,no,none,52,2.5,19.6,30.5,38.0
20260818_220532,auto,2026-08-18,22:07:52,338,Car,no,none,234,12.0,91.4,27.5,30.0
20260818_220532,auto,2026-08-18,22:07:52,496,Motorcycle,no,none,123,5.4,80.1,53.1,60.7
20260818_220532,auto,2026-08-18,22:07:52,455,Car,no,none,200,8.8,74.5,30.7,36.0
20260818_220532,auto,2026-08-18,22:07:54,412,Motorcycle,no,none,138,7.6,104.8,60.0,76.7
20260818_220532,auto,2026-08-18,22:07:54,508,Motorcycle,no,none,101,4.1,34.6,29.9,34.9
20260818_220532,auto,2026-08-18,22:07:54,488,Car,no,none,182,7.7,102.2,46.9,59.9
20260818_220532,auto,2026-08-18,22:07:54,371,Bus,no,none,306,13.4,108.7,29.5,42.5
20260818_220532,auto,2026-08-18,22:07:54,442,Car,no,none,209,11.1,82.7,26.6,29.5
20260818_220532,auto,2026-08-18,22:07:54,486,Car,no,none,197,8.3,105.7,45.7,57.2
20260818_220532,auto,2026-08-18,22:07:54,485,Car,no,none,184,8.4,74.1,32.2,39.2
20260818_220532,auto,2026-08-18,22:07:54,432,Car,no,none,287,12.3,107.0,31.4,40.2
20260818_220532,auto,2026-08-18,22:07:55,555,Motorcycle,no,none,29,1.1,12.5,40.5,42.0
20260818_220532,auto,2026-08-18,22:07:55,514,Motorcycle,no,none,30,4.6,4.3,1.3,4.6
20260818_220532,auto,2026-08-18,22:07:55,529,Motorcycle,no,none,85,3.5,40.5,41.7,45.3
20260818_220532,auto,2026-08-18,22:07:55,491,Motorcycle,no,none,158,9.1,72.6,29.2,39.7
20260818_220532,auto,2026-08-18,22:07:55,562,Car,no,none,3,0.1,0.5,0.0,0.0
20260818_220532,auto,2026-08-18,22:07:55,556,Motorcycle,no,none,47,2.1,22.4,38.0,39.0
20260818_220532,auto,2026-08-18,22:07:58,493,Car,no,none,241,10.7,91.4,31.9,38.1
20260818_220532,auto,2026-08-18,22:07:58,498,Car,no,none,247,10.2,106.3,37.5,49.8
20260818_220532,auto,2026-08-18,22:07:59,497,Car,no,none,199,11.5,96.4,31.9,40.7
20260818_220532,auto,2026-08-18,22:08:00,565,Motorcycle,no,none,66,2.6,32.8,44.9,48.8
20260818_220532,auto,2026-08-18,22:08:00,568,Truck,no,none,22,1.0,2.8,9.2,11.5
20260818_220532,auto,2026-08-18,22:08:00,578,Motorcycle,no,none,3,0.1,1.1,0.0,0.0
20260818_220532,auto,2026-08-18,22:08:00,579,Motorcycle,no,none,3,0.1,1.1,0.0,0.0
20260818_220532,auto,2026-08-18,22:08:01,506,Car,no,none,251,11.0,93.2,31.4,41.1
20260818_220532,auto,2026-08-18,22:08:01,510,Car,no,none,258,10.7,106.7,35.7,47.3
20260818_220532,auto,2026-08-18,22:08:01,551,Car,no,none,161,7.2,74.3,37.7,44.3
20260818_220532,auto,2026-08-18,22:08:02,512,Car,no,none,251,10.4,92.9,31.7,42.3
20260818_220532,auto,2026-08-18,22:08:02,570,Motorcycle,no,none,54,2.5,53.7,76.8,84.7
20260818_220532,auto,2026-08-18,22:08:02,515,Car,no,none,254,10.6,106.0,35.9,46.1
20260818_220532,auto,2026-08-18,22:08:02,541,Car,no,none,219,9.3,102.5,39.3,49.5
20260818_220532,auto,2026-08-18,22:08:03,593,Motorcycle,no,none,7,0.2,4.4,0.0,0.0
20260818_220532,auto,2026-08-18,22:08:03,598,Motorcycle,no,none,3,0.1,1.3,0.0,0.0
20260818_220532,auto,2026-08-18,22:08:04,520,Car,no,none,236,11.6,95.2,30.9,39.7
20260818_220532,auto,2026-08-18,22:08:06,560,Car,no,none,236,9.7,105.9,39.0,53.1
20260818_220532,auto,2026-08-18,22:08:06,569,Car,no,none,162,7.0,74.5,38.7,46.1
20260818_220532,auto,2026-08-18,22:08:06,540,Car,no,none,299,13.4,92.4,25.0,29.8
20260818_220532,auto,2026-08-18,22:08:07,573,Car,no,none,158,7.1,75.1,38.2,47.9
20260818_220532,auto,2026-08-18,22:08:07,559,Car,no,none,278,11.8,85.3,26.3,33.2
20260818_220532,auto,2026-08-18,22:08:08,580,Car,no,none,176,7.3,75.1,36.9,43.5
20260818_220532,auto,2026-08-18,22:08:08,549,Car,no,none,314,13.6,93.6,25.2,31.3
20260818_220532,auto,2026-08-18,22:08:09,567,Car,no,none,256,10.6,105.7,35.4,48.6
20260818_220532,auto,2026-08-18,22:08:10,566,Truck,no,none,226,11.5,88.0,27.7,32.3
20260818_220532,auto,2026-08-18,22:08:12,629,Car,no,none,53,2.1,1.6,2.6,3.1
20260818_220532,auto,2026-08-18,22:08:13,588,Car,no,none,254,11.3,86.3,27.8,30.9
20260818_220532,auto,2026-08-18,22:08:13,635,Motorcycle,no,none,10,1.0,10.6,41.4,45.1
20260818_220532,auto,2026-08-18,22:08:13,636,Car,no,none,22,0.9,2.3,10.9,15.9
20260818_220532,auto,2026-08-18,22:08:13,572,Car,no,none,315,13.8,92.4,24.7,30.8
20260818_220532,auto,2026-08-18,22:08:14,585,Car,no,none,291,13.0,92.2,26.1,31.8
20260818_220532,auto,2026-08-18,22:08:14,606,Car,no,none,206,10.1,94.9,35.0,40.9
20260818_220532,auto,2026-08-18,22:08:14,638,Motorcycle,no,none,21,1.4,10.5,28.0,28.3
20260818_220532,auto,2026-08-18,22:08:14,643,Truck,no,none,5,0.2,0.8,0.0,0.0
20260818_220532,auto,2026-08-18,22:08:15,618,Car,no,none,220,9.2,105.9,41.0,55.1
20260818_220532,auto,2026-08-18,22:08:15,612,Car,no,none,198,9.8,95.4,36.2,43.1
20260818_220532,auto,2026-08-18,22:08:15,654,Motorcycle,no,none,3,1.0,0.8,0.0,0.0
20260818_220532,auto,2026-08-18,22:08:15,663,Bus,no,none,6,0.3,0.7,7.8,7.8
20260818_220532,auto,2026-08-18,22:08:16,616,Car,no,none,237,10.1,56.5,20.1,23.2
20260818_220532,auto,2026-08-18,22:08:16,619,Car,no,none,227,9.8,106.5,38.5,51.5
20260818_220532,auto,2026-08-18,22:08:16,604,Car,no,none,216,12.6,93.2,27.4,31.0
20260818_220532,auto,2026-08-18,22:08:16,622,Car,no,none,212,9.3,101.9,38.3,50.7
20260818_220532,auto,2026-08-18,22:08:16,658,Motorcycle,no,none,26,1.6,14.0,31.8,33.0
20260818_220532,auto,2026-08-18,22:08:16,13,Truck,no,none,1212,76.0,17.6,0.2,1.1
20260818_220532,auto,2026-08-18,22:08:16,14,Car,no,none,1748,76.0,21.9,0.2,1.6
20260818_220532,auto,2026-08-18,22:08:16,16,Car,no,none,1550,76.0,13.9,0.1,0.3
20260818_220532,auto,2026-08-18,22:08:16,38,Motorcycle,no,none,1446,74.2,78.4,0.6,3.1
20260818_220532,auto,2026-08-18,22:08:16,46,Motorcycle,no,none,1212,71.5,63.0,0.5,2.8
20260818_220532,auto,2026-08-18,22:08:16,561,Truck,no,none,460,21.3,111.0,17.9,34.0
20260818_220532,auto,2026-08-18,22:08:16,571,Car,no,none,320,16.4,86.8,19.2,22.0
20260818_220532,auto,2026-08-18,22:08:16,610,Car,no,none,283,13.3,71.0,19.5,22.4
20260818_220532,auto,2026-08-18,22:08:16,615,Car,no,none,226,12.9,93.2,27.4,31.3
20260818_220532,auto,2026-08-18,22:08:16,621,Car,no,none,205,10.3,95.9,34.3,39.6
20260818_220532,auto,2026-08-18,22:08:16,624,Car,no,none,211,10.4,94.9,33.3,40.7
20260818_220532,auto,2026-08-18,22:08:16,625,Car,no,none,227,11.2,84.1,27.5,31.8
20260818_220532,auto,2026-08-18,22:08:16,627,Car,no,none,206,9.4,105.0,40.4,49.5
20260818_220532,auto,2026-08-18,22:08:16,632,Car,no,none,177,8.5,85.8,35.5,40.3
20260818_220532,auto,2026-08-18,22:08:16,633,Car,no,none,146,7.6,62.5,30.1,35.9
20260818_220532,auto,2026-08-18,22:08:16,646,Car,no,none,103,5.4,33.5,22.1,27.9
20260818_220532,auto,2026-08-18,22:08:16,647,Car,no,none,103,5.4,77.1,51.1,55.9
20260818_220532,auto,2026-08-18,22:08:16,650,Motorcycle,no,none,94,4.9,36.7,26.7,28.8
20260818_220532,auto,2026-08-18,22:08:16,655,Motorcycle,no,none,6,2.2,11.8,0.0,0.0
20260818_220532,auto,2026-08-18,22:08:16,669,Car,no,none,67,3.5,30.4,31.4,33.4
20260818_220532,auto,2026-08-18,22:08:16,673,Car,no,none,65,3.4,27.3,29.3,32.4
20260818_220532,auto,2026-08-18,22:08:16,675,Car,no,none,56,3.3,16.6,18.1,19.9
20260818_220532,auto,2026-08-18,22:08:16,676,Motorcycle,no,none,4,1.4,4.2,0.0,0.0
20260818_220532,auto,2026-08-18,22:08:16,680,Motorcycle,no,none,3,1.0,0.5,0.0,0.0
20260818_220532,auto,2026-08-18,22:08:16,683,Car,no,none,51,2.6,17.0,23.5,25.0
20260818_220532,auto,2026-08-18,22:08:16,684,Motorcycle,no,none,3,1.0,0.4,0.0,0.0
20260818_220532,auto,2026-08-18,22:08:16,688,Motorcycle,no,none,4,1.0,0.9,0.0,0.0
20260818_220532,auto,2026-08-18,22:08:16,693,Car,no,none,43,2.2,18.5,31.2,32.4
20260818_220532,auto,2026-08-18,22:08:16,697,Car,no,none,41,2.1,18.4,30.5,35.7
20260818_220532,auto,2026-08-18,22:08:16,638,Motorcycle,no,none,3,1.7,7.9,0.0,0.0
20260818_220532,auto,2026-08-18,22:08:16,701,Motorcycle,no,none,3,1.0,0.6,0.0,0.0
20260818_220532,auto,2026-08-18,22:08:16,707,Motorcycle,no,none,4,1.1,0.8,0.0,0.0
20260818_220532,auto,2026-08-18,22:08:16,710,Car,no,none,29,1.4,16.2,41.3,42.5
20260818_220532,auto,2026-08-18,22:08:16,714,Car,no,none,26,1.3,10.6,28.1,31.1
20260818_220532,auto,2026-08-18,22:08:16,715,Car,no,none,24,1.2,6.9,18.5,22.9
20260818_220532,auto,2026-08-18,22:08:16,717,Motorcycle,no,none,3,1.1,1.1,0.0,0.0
20260818_220532,auto,2026-08-18,22:08:16,720,Car,no,none,17,0.8,6.7,24.6,27.9
20260818_220532,auto,2026-08-18,22:08:16,729,Car,no,none,10,0.6,5.9,37.7,38.3
